step,type,amount,oldbalanceOrg,newbalanceOrig,oldbalanceDest,newbalanceDest
1000,CASH_OUT,817899.58,820084.66,2185.08,426.03,818325.61
1001,TRANSFER,774284.49,775583.79,1299.30,109.59,774394.08
1002,TRANSFER,479298.71,480347.83,1049.12,172.44,479471.15
1003,CASH_OUT,740091.07,741211.70,1120.63,449.30,740540.37
1004,TRANSFER,608925.81,609841.69,915.88,289.34,609215.15
1005,TRANSFER,829150.45,831538.12,2387.67,327.00,829477.45
1006,TRANSFER,843025.48,844184.28,1158.80,396.56,843422.04
1007,CASH_OUT,105414.35,106875.84,1461.49,448.53,105862.88
1008,CASH_OUT,174223.61,176661.41,2437.80,403.56,174627.17
1009,CASH_OUT,361547.16,362671.65,1124.49,163.08,361710.24
1010,CASH_OUT,394058.31,394512.88,454.57,389.23,394447.54
1011,TRANSFER,751736.32,754152.80,2416.48,206.14,751942.46
1012,TRANSFER,681203.32,681580.99,377.67,0.29,681203.61
1013,CASH_OUT,766790.29,767403.81,613.52,21.93,766812.22
1014,CASH_OUT,808481.89,810520.46,2038.57,22.39,808504.28
1015,CASH_OUT,428959.17,431145.10,2185.93,256.22,429215.39
1016,TRANSFER,689188.52,690572.23,1383.71,386.06,689574.58
1017,CASH_OUT,480229.12,480431.90,202.78,252.88,480482.00
1018,TRANSFER,329354.51,329520.05,165.54,261.39,329615.90
1019,TRANSFER,190952.97,191842.33,889.36,118.06,191071.03
1020,CASH_OUT,284037.04,284224.32,187.28,491.37,284528.41
1021,CASH_OUT,234769.32,235225.40,456.08,222.66,234991.98
1022,CASH_OUT,958209.02,960406.39,2197.37,235.58,958444.60
1023,TRANSFER,869056.96,869294.02,237.06,441.20,869498.16
1024,CASH_OUT,987324.12,989789.98,2465.86,302.48,987626.60
1025,CASH_OUT,686623.77,687121.48,497.71,135.84,686759.61
1026,CASH_OUT,868363.79,869821.86,1458.07,90.82,868454.61
1027,TRANSFER,799260.46,800719.58,1459.12,370.97,799631.43
1028,TRANSFER,619494.83,621724.63,2229.80,394.26,619889.09
1029,CASH_OUT,951697.07,953811.01,2113.94,473.85,952170.92
1030,TRANSFER,995522.35,996743.86,1221.51,327.21,995849.56
1031,TRANSFER,881597.48,883972.43,2374.95,0.62,881598.10
1032,CASH_OUT,155750.97,157403.65,1652.68,62.57,155813.54
1033,TRANSFER,383722.68,385541.92,1819.24,95.96,383818.64
1034,TRANSFER,155430.84,156724.43,1293.59,76.28,155507.12
1035,TRANSFER,175107.68,175207.28,99.60,235.14,175342.82
1036,TRANSFER,651969.20,652452.65,483.45,280.57,652249.77
1037,TRANSFER,151675.31,154004.96,2329.65,250.68,151925.99
1038,CASH_OUT,337891.77,339158.36,1266.59,84.76,337976.53
1039,TRANSFER,851241.38,853233.88,1992.50,485.39,851726.77
1040,CASH_OUT,118058.32,119150.74,1092.42,77.39,118135.71
1041,TRANSFER,780632.33,781443.05,810.72,447.76,781080.09
1042,TRANSFER,223674.10,224586.42,912.32,130.11,223804.21
1043,CASH_OUT,560848.87,561060.66,211.79,429.07,561277.94
1044,CASH_OUT,981360.42,981849.23,488.81,31.06,981391.48
1045,CASH_OUT,357949.19,358372.07,422.88,356.96,358306.15
1046,CASH_OUT,927103.92,928538.21,1434.29,185.47,927289.39
1047,CASH_OUT,212840.59,215081.96,2241.37,270.66,213111.25
1048,TRANSFER,365934.57,368167.50,2232.93,318.80,366253.37
1049,CASH_OUT,696627.61,699109.73,2482.12,406.84,697034.45
1050,TRANSFER,991072.67,992971.64,1898.97,24.50,991097.17
1051,CASH_OUT,427417.23,429043.42,1626.19,184.12,427601.35
1052,TRANSFER,249872.41,251324.71,1452.30,35.14,249907.55
1053,TRANSFER,922536.34,923536.37,1000.03,461.91,922998.25
1054,TRANSFER,154136.37,156316.97,2180.60,246.50,154382.87
1055,TRANSFER,122037.78,122960.81,923.03,144.18,122181.96
1056,CASH_OUT,713041.69,713083.16,41.47,79.95,713121.64
1057,TRANSFER,657938.36,659555.65,1617.29,309.05,658247.41
1058,CASH_OUT,237583.70,238086.03,502.33,250.81,237834.51
1059,CASH_OUT,207305.36,208027.31,721.95,113.08,207418.44
1060,TRANSFER,806420.35,807694.00,1273.65,107.28,806527.63
1061,CASH_OUT,883110.28,884118.00,1007.72,441.11,883551.39
1062,CASH_OUT,129626.11,131037.14,1411.03,32.38,129658.49
1063,CASH_OUT,361272.91,363692.03,2419.12,205.97,361478.88
1064,TRANSFER,344142.54,346253.71,2111.17,28.77,344171.31
1065,TRANSFER,656215.70,658320.36,2104.66,260.48,656476.18
1066,CASH_OUT,506735.08,508126.46,1391.38,442.17,507177.25
1067,CASH_OUT,981892.07,982464.15,572.08,383.54,982275.61
1068,CASH_OUT,186130.37,187401.46,1271.09,472.84,186603.21
1069,TRANSFER,605141.96,605459.64,317.68,288.19,605430.15
1070,CASH_OUT,218840.35,219433.37,593.02,145.40,218985.75
1071,TRANSFER,798217.16,800697.98,2480.82,112.01,798329.17
1072,CASH_OUT,266114.24,267699.26,1585.02,176.46,266290.70
1073,TRANSFER,950830.67,951261.07,430.40,59.37,950890.04
1074,TRANSFER,634432.59,636142.41,1709.82,169.30,634601.89
1075,TRANSFER,209171.66,209236.16,64.50,160.42,209332.08
1076,CASH_OUT,983361.44,985473.60,2112.16,108.32,983469.76
1077,TRANSFER,253862.48,254322.53,460.05,401.72,254264.20
1078,TRANSFER,938995.38,939251.48,256.10,347.77,939343.15
1079,CASH_OUT,269313.12,269879.50,566.38,154.15,269467.27
1080,CASH_OUT,765118.65,766032.29,913.64,250.29,765368.94
1081,TRANSFER,962620.95,964474.84,1853.89,342.54,962963.49
1082,TRANSFER,813039.02,813741.70,702.68,48.21,813087.23
1083,TRANSFER,272218.73,274005.64,1786.91,192.43,272411.16
1084,CASH_OUT,203574.50,204121.88,547.38,497.82,204072.32
1085,TRANSFER,702769.54,702801.57,32.03,421.73,703191.27
1086,TRANSFER,572237.24,573539.42,1302.18,235.68,572472.92
1087,TRANSFER,565222.78,566269.07,1046.29,102.16,565324.94
1088,CASH_OUT,861695.17,864149.89,2454.72,380.39,862075.56
1089,CASH_OUT,894130.53,894833.16,702.63,45.05,894175.58
1090,CASH_OUT,200860.35,201857.82,997.47,68.13,200928.48
1091,TRANSFER,724757.20,726042.27,1285.07,292.75,725049.95
1092,CASH_OUT,395425.02,397571.48,2146.46,1.08,395426.10
1093,CASH_OUT,845586.32,847248.93,1662.61,304.44,845890.76
1094,CASH_OUT,629455.17,630871.30,1416.13,8.89,629464.06
1095,CASH_OUT,530745.79,532426.05,1680.26,245.64,530991.43
1096,TRANSFER,594205.71,594744.38,538.67,87.53,594293.24
1097,TRANSFER,234689.81,236962.65,2272.84,163.41,234853.22
1098,TRANSFER,256919.01,258976.79,2057.78,249.55,257168.56
1099,CASH_OUT,105564.46,106200.50,636.04,238.97,105803.43
1100,CASH_OUT,176701.27,179151.13,2449.86,292.61,176993.88
1101,CASH_OUT,405372.63,406804.22,1431.59,1.82,405374.45
1102,TRANSFER,313364.97,315188.92,1823.95,77.96,313442.93
1103,CASH_OUT,449304.97,450975.95,1670.98,492.87,449797.84
1104,TRANSFER,598765.50,600516.52,1751.02,129.92,598895.42
1105,CASH_OUT,850418.16,852319.47,1901.31,392.73,850810.89
1106,TRANSFER,161682.67,162897.98,1215.31,62.58,161745.25
1107,TRANSFER,675914.48,677557.65,1643.17,378.03,676292.51
1108,TRANSFER,647940.42,648688.17,747.75,289.07,648229.49
1109,TRANSFER,332119.24,332270.44,151.20,290.18,332409.42
1110,CASH_OUT,881698.80,883959.14,2260.34,326.63,882025.43
1111,TRANSFER,528932.48,531092.74,2160.26,255.82,529188.30
1112,CASH_OUT,227595.80,228689.27,1093.47,117.31,227713.11
1113,TRANSFER,930556.20,932666.13,2109.93,258.74,930814.94
1114,TRANSFER,337368.75,338380.11,1011.36,288.11,337656.86
1115,TRANSFER,499541.91,500288.57,746.66,231.41,499773.32
1116,TRANSFER,817749.21,818183.80,434.59,449.98,818199.19
1117,CASH_OUT,427230.47,428093.78,863.31,471.31,427701.78
1118,CASH_OUT,300313.79,302378.19,2064.40,481.69,300795.48
1119,TRANSFER,762352.17,763934.24,1582.07,466.64,762818.81
1120,CASH_OUT,395104.96,397198.64,2093.68,420.00,395524.96
1121,CASH_OUT,600551.53,600991.93,440.40,22.41,600573.94
1122,TRANSFER,613329.99,613782.67,452.68,172.26,613502.25
1123,CASH_OUT,698697.27,699545.76,848.49,17.23,698714.50
1124,TRANSFER,211680.18,214002.42,2322.24,354.61,212034.79
1125,CASH_OUT,447164.28,447251.56,87.28,262.84,447427.12
1126,TRANSFER,256129.62,258552.12,2422.50,308.70,256438.32
1127,TRANSFER,378001.43,378454.88,453.45,361.09,378362.52
1128,CASH_OUT,494386.63,495454.84,1068.21,419.61,494806.24
1129,TRANSFER,307170.11,307666.27,496.16,10.78,307180.89
1130,TRANSFER,572706.72,573961.56,1254.84,209.02,572915.74
1131,TRANSFER,882325.78,882471.34,145.56,444.63,882770.41
1132,CASH_OUT,846007.66,846939.81,932.15,203.54,846211.20
1133,TRANSFER,299359.65,299980.57,620.92,408.63,299768.28
1134,CASH_OUT,199711.38,201247.96,1536.58,262.94,199974.32
1135,CASH_OUT,670076.15,672444.61,2368.46,447.17,670523.32
1136,CASH_OUT,870531.02,871968.33,1437.31,37.35,870568.37
1137,TRANSFER,295215.38,295613.90,398.52,255.47,295470.85
1138,TRANSFER,226764.88,227259.00,494.12,237.87,227002.75
1139,CASH_OUT,935105.52,935297.12,191.60,224.76,935330.28
1140,CASH_OUT,981347.53,982405.28,1057.75,462.14,981809.67
1141,TRANSFER,379868.97,382332.37,2463.40,363.93,380232.90
1142,TRANSFER,395376.63,395863.55,486.92,175.79,395552.42
1143,TRANSFER,710041.06,712371.57,2330.51,170.78,710211.84
1144,CASH_OUT,751866.15,753076.27,1210.12,199.23,752065.38
1145,TRANSFER,815957.81,816489.18,531.37,254.18,816211.99
1146,CASH_OUT,909607.48,910320.42,712.94,97.76,909705.24
1147,TRANSFER,300134.59,301641.83,1507.24,99.24,300233.83
1148,TRANSFER,229788.22,231894.66,2106.44,291.01,230079.23
1149,TRANSFER,139467.43,139746.19,278.76,140.35,139607.78
1150,TRANSFER,953754.42,954268.80,514.38,269.82,954024.24
1151,TRANSFER,998311.39,998871.75,560.36,16.23,998327.62
1152,CASH_OUT,666558.34,668894.47,2336.13,330.39,666888.73
1153,TRANSFER,796745.37,799180.79,2435.42,145.99,796891.36
1154,CASH_OUT,699960.22,701334.78,1374.56,49.61,700009.83
1155,CASH_OUT,944754.27,945497.52,743.25,333.81,945088.08
1156,CASH_OUT,262843.76,264437.51,1593.75,84.97,262928.73
1157,CASH_OUT,874594.79,876775.41,2180.62,286.88,874881.67
1158,TRANSFER,362534.90,364540.50,2005.60,294.93,362829.83
1159,TRANSFER,427488.16,429440.02,1951.86,284.04,427772.20
1160,TRANSFER,948005.51,949189.40,1183.89,481.99,948487.50
1161,TRANSFER,752999.39,755066.91,2067.52,461.90,753461.29
1162,CASH_OUT,499631.58,502057.28,2425.70,20.15,499651.73
1163,CASH_OUT,779676.33,781750.36,2074.03,380.55,780056.88
1164,TRANSFER,525665.95,527181.75,1515.80,430.41,526096.36
1165,CASH_OUT,183536.30,183671.94,135.64,306.20,183842.50
1166,CASH_OUT,642441.34,643613.63,1172.29,302.52,642743.86
1167,CASH_OUT,475521.30,477944.96,2423.66,269.69,475790.99
1168,TRANSFER,756700.53,758556.27,1855.74,14.00,756714.53
1169,TRANSFER,877888.63,879969.13,2080.50,18.00,877906.63
1170,CASH_OUT,239474.17,241326.58,1852.41,372.60,239846.77
1171,TRANSFER,329248.58,330626.36,1377.78,37.27,329285.85
1172,CASH_OUT,757425.79,757607.12,181.33,205.55,757631.34
1173,CASH_OUT,914865.54,917321.59,2456.05,43.18,914908.72
1174,CASH_OUT,742660.13,744424.97,1764.84,331.94,742992.07
1175,TRANSFER,329357.82,330520.41,1162.59,394.00,329751.82
1176,TRANSFER,105084.85,105209.23,124.38,54.15,105139.00
1177,CASH_OUT,717757.59,718728.51,970.92,410.32,718167.91
1178,TRANSFER,296423.02,297374.64,951.62,24.71,296447.73
1179,TRANSFER,544992.54,546102.02,1109.48,275.37,545267.91
1180,TRANSFER,202380.85,204077.11,1696.26,164.21,202545.06
1181,CASH_OUT,779752.53,781288.19,1535.66,128.90,779881.43
1182,TRANSFER,523853.17,526007.47,2154.30,159.15,524012.32
1183,TRANSFER,246117.87,247181.02,1063.15,207.62,246325.49
1184,TRANSFER,287593.85,289512.97,1919.12,330.08,287923.93
1185,TRANSFER,364100.09,366286.95,2186.86,317.00,364417.09
1186,TRANSFER,709728.42,712108.33,2379.91,54.72,709783.14
1187,TRANSFER,742830.81,744878.83,2048.02,243.22,743074.03
1188,CASH_OUT,410358.93,412032.18,1673.25,452.25,410811.18
1189,CASH_OUT,288893.55,289309.81,416.26,112.74,289006.29
1190,CASH_OUT,914846.99,916369.49,1522.50,410.94,915257.93
1191,TRANSFER,574315.62,576220.50,1904.88,475.00,574790.62
1192,CASH_OUT,107962.76,109718.66,1755.90,13.26,107976.02
1193,CASH_OUT,796023.85,797168.07,1144.22,466.85,796490.70
1194,CASH_OUT,356358.03,358275.25,1917.22,488.16,356846.19
1195,CASH_OUT,365847.60,366303.22,455.62,281.87,366129.47
1196,CASH_OUT,548239.44,548683.46,444.02,305.28,548544.72
1197,TRANSFER,951348.70,953712.43,2363.73,396.24,951744.94
1198,CASH_OUT,108033.16,109315.66,1282.50,443.47,108476.63
1199,TRANSFER,154339.50,154849.30,509.80,319.69,154659.19
1200,TRANSFER,426306.47,427460.50,1154.03,186.28,426492.75
1201,CASH_OUT,249002.06,249239.78,237.72,413.75,249415.81
1202,TRANSFER,651546.02,651750.97,204.95,112.06,651658.08
1203,CASH_OUT,381985.39,382739.24,753.85,316.46,382301.85
1204,CASH_OUT,884869.41,886235.09,1365.68,198.30,885067.71
1205,TRANSFER,706699.22,707899.40,1200.18,231.61,706930.83
1206,TRANSFER,565786.71,567926.49,2139.78,403.03,566189.74
1207,CASH_OUT,855921.98,857638.76,1716.78,171.34,856093.32
1208,TRANSFER,269055.01,271049.17,1994.16,313.05,269368.06
1209,TRANSFER,794955.99,795053.08,97.09,333.00,795288.99
1210,CASH_OUT,897397.21,898982.40,1585.19,248.01,897645.22
1211,TRANSFER,446898.19,449290.56,2392.37,65.14,446963.33
1212,CASH_OUT,559682.11,560219.78,537.67,443.75,560125.86
1213,TRANSFER,359562.54,361309.93,1747.39,328.92,359891.46
1214,TRANSFER,960817.24,961687.86,870.62,450.43,961267.67
1215,TRANSFER,405364.11,406163.43,799.32,154.21,405518.32
1216,CASH_OUT,295614.73,296796.52,1181.79,468.75,296083.48
1217,TRANSFER,741069.89,741117.38,47.49,161.11,741231.00
1218,TRANSFER,427035.68,429479.98,2444.30,480.45,427516.13
1219,TRANSFER,517505.83,517617.17,111.34,427.69,517933.52
1220,TRANSFER,775761.23,777838.98,2077.75,188.29,775949.52
1221,CASH_OUT,172294.25,172632.80,338.55,317.93,172612.18
1222,CASH_OUT,658269.98,658302.44,32.46,109.26,658379.24
1223,TRANSFER,529100.97,530902.47,1801.50,235.53,529336.50
1224,TRANSFER,485342.84,486388.24,1045.40,127.75,485470.59
1225,TRANSFER,342458.93,343021.71,562.78,309.08,342768.01
1226,CASH_OUT,768923.25,771375.95,2452.70,458.25,769381.50
1227,CASH_OUT,379666.78,382087.54,2420.76,68.84,379735.62
1228,TRANSFER,249892.92,252129.25,2236.33,499.40,250392.32
1229,TRANSFER,707709.13,707946.27,237.14,156.75,707865.88
1230,CASH_OUT,879484.43,879694.17,209.74,214.99,879699.42
1231,TRANSFER,187894.67,187995.79,101.12,148.15,188042.82
1232,CASH_OUT,343272.25,344005.39,733.14,153.48,343425.73
1233,CASH_OUT,786024.55,787907.86,1883.31,293.25,786317.80
1234,CASH_OUT,833753.21,835414.77,1661.56,140.45,833893.66
1235,TRANSFER,468935.13,469042.51,107.38,310.42,469245.55
1236,TRANSFER,784680.85,786981.56,2300.71,360.76,785041.61
1237,CASH_OUT,366777.31,368933.90,2156.59,363.98,367141.29
1238,TRANSFER,787028.18,789281.10,2252.92,308.44,787336.62
1239,TRANSFER,246848.39,247469.26,620.87,449.48,247297.87
1240,CASH_OUT,572406.98,573302.90,895.92,356.30,572763.28
1241,TRANSFER,408219.67,409516.78,1297.11,97.32,408316.99
1242,TRANSFER,850728.05,850915.59,187.54,477.74,851205.79
1243,TRANSFER,433454.47,434580.14,1125.67,424.73,433879.20
1244,TRANSFER,111498.54,112233.75,735.21,482.34,111980.88
1245,CASH_OUT,855326.33,856798.67,1472.34,10.40,855336.73
1246,TRANSFER,695896.76,696271.75,374.99,289.33,696186.09
1247,CASH_OUT,648667.28,650852.97,2185.69,190.06,648857.34
1248,TRANSFER,518587.06,520821.66,2234.60,295.20,518882.26
1249,TRANSFER,892331.27,893307.57,976.30,334.93,892666.20
1250,TRANSFER,242727.56,244744.75,2017.19,5.07,242732.63
1251,TRANSFER,550987.00,553408.86,2421.86,245.80,551232.80
1252,TRANSFER,524018.07,525971.61,1953.54,255.61,524273.68
1253,CASH_OUT,475967.83,476637.26,669.43,447.59,476415.42
1254,CASH_OUT,522569.53,524501.21,1931.68,342.98,522912.51
1255,CASH_OUT,272445.22,274352.97,1907.75,401.74,272846.96
1256,TRANSFER,950317.90,951570.80,1252.90,70.82,950388.72
1257,CASH_OUT,322999.90,325233.79,2233.89,209.97,323209.87
1258,TRANSFER,544434.92,544505.66,70.74,268.25,544703.17
1259,TRANSFER,662788.22,665231.97,2443.75,100.57,662888.79
1260,CASH_OUT,952021.15,953373.99,1352.84,409.99,952431.14
1261,CASH_OUT,600724.48,602128.61,1404.13,167.99,600892.47
1262,TRANSFER,342843.16,343916.86,1073.70,386.71,343229.87
1263,CASH_OUT,270897.53,273374.67,2477.14,45.06,270942.59
1264,CASH_OUT,867412.58,868117.28,704.70,193.09,867605.67
1265,CASH_OUT,702281.98,703266.95,984.97,420.54,702702.52
1266,CASH_OUT,353334.14,354661.56,1327.42,27.38,353361.52
1267,CASH_OUT,778281.04,779128.96,847.92,37.98,778319.02
1268,TRANSFER,722992.03,723254.76,262.73,79.86,723071.89
1269,TRANSFER,485565.10,487322.08,1756.98,83.72,485648.82
1270,CASH_OUT,860626.24,862472.31,1846.07,53.36,860679.60
1271,CASH_OUT,754537.40,754652.81,115.41,326.84,754864.24
1272,TRANSFER,738131.76,740311.44,2179.68,266.47,738398.23
1273,CASH_OUT,360200.37,360621.32,420.95,334.38,360534.75
1274,CASH_OUT,807023.69,808715.20,1691.51,307.01,807330.70
1275,CASH_OUT,154335.75,155307.79,972.04,245.08,154580.83
1276,TRANSFER,726945.07,727202.52,257.45,295.10,727240.17
1277,TRANSFER,322028.16,322680.32,652.16,89.93,322118.09
1278,CASH_OUT,340091.49,340484.74,393.25,417.67,340509.16
1279,TRANSFER,898057.85,898538.85,481.00,210.80,898268.65
1280,CASH_OUT,839038.10,840462.59,1424.49,354.81,839392.91
1281,CASH_OUT,683101.27,685278.83,2177.56,119.89,683221.16
1282,TRANSFER,954033.37,955220.43,1187.06,195.54,954228.91
1283,TRANSFER,767136.04,768933.31,1797.27,196.62,767332.66
1284,CASH_OUT,754737.83,755589.58,851.75,16.93,754754.76
1285,CASH_OUT,453722.27,454671.17,948.90,473.70,454195.97
1286,TRANSFER,784808.25,784836.56,28.31,333.51,785141.76
1287,CASH_OUT,635759.55,638146.35,2386.80,34.24,635793.79
1288,TRANSFER,299419.72,301730.59,2310.87,76.30,299496.02
1289,TRANSFER,789888.89,791682.05,1793.16,410.65,790299.54
1290,CASH_OUT,984373.37,985955.04,1581.67,40.59,984413.96
1291,CASH_OUT,915312.23,916284.77,972.54,480.66,915792.89
1292,CASH_OUT,816894.75,818004.59,1109.84,499.88,817394.63
1293,TRANSFER,405737.18,408164.16,2426.98,182.64,405919.82
1294,CASH_OUT,850638.34,851863.75,1225.41,429.23,851067.57
1295,CASH_OUT,252944.23,254705.02,1760.79,57.19,253001.42
1296,CASH_OUT,266072.75,266918.30,845.55,395.19,266467.94
1297,TRANSFER,668444.20,670112.00,1667.80,7.45,668451.65
1298,CASH_OUT,589593.53,591202.88,1609.35,338.76,589932.29
1299,CASH_OUT,705546.66,707923.81,2377.15,307.18,705853.84
1300,TRANSFER,710109.27,710177.46,68.19,281.91,710391.18
1301,TRANSFER,289797.71,290214.69,416.98,355.00,290152.71
1302,CASH_OUT,607519.57,608314.23,794.66,24.87,607544.44
1303,TRANSFER,355443.38,357220.89,1777.51,228.75,355672.13
1304,TRANSFER,325066.03,327359.17,2293.14,30.03,325096.06
1305,TRANSFER,887696.23,889215.11,1518.88,333.66,888029.89
1306,CASH_OUT,228026.87,229573.93,1547.06,474.76,228501.63
1307,CASH_OUT,843299.17,843538.53,239.36,135.78,843434.95
1308,CASH_OUT,697819.00,698774.44,955.44,410.44,698229.44
1309,TRANSFER,921532.43,922344.54,812.11,239.43,921771.86
1310,TRANSFER,988633.87,990393.79,1759.92,93.62,988727.49
1311,CASH_OUT,173541.40,173978.10,436.70,326.08,173867.48
1312,CASH_OUT,277068.94,279471.02,2402.08,27.29,277096.23
1313,CASH_OUT,273344.80,274445.58,1100.78,353.25,273698.05
1314,CASH_OUT,867543.54,867934.70,391.16,243.04,867786.58
1315,CASH_OUT,328720.35,329728.26,1007.91,140.08,328860.43
1316,CASH_OUT,357686.24,358230.53,544.29,276.88,357963.12
1317,CASH_OUT,605912.47,606355.27,442.80,49.28,605961.75
1318,CASH_OUT,328559.97,330275.29,1715.32,248.55,328808.52
1319,TRANSFER,942099.67,944283.48,2183.81,109.43,942209.10
1320,CASH_OUT,358435.94,358573.60,137.66,449.92,358885.86
1321,CASH_OUT,285418.31,286950.30,1531.99,274.29,285692.60
1322,CASH_OUT,409713.22,410568.82,855.60,118.23,409831.45
1323,CASH_OUT,898628.22,898675.28,47.06,447.51,899075.73
1324,CASH_OUT,712337.63,712719.54,381.91,442.71,712780.34
1325,CASH_OUT,210998.48,213273.88,2275.40,283.39,211281.87
1326,TRANSFER,283275.45,284777.54,1502.09,264.01,283539.46
1327,CASH_OUT,761750.24,763555.57,1805.33,78.66,761828.90
1328,CASH_OUT,819862.66,822142.58,2279.92,351.15,820213.81
1329,CASH_OUT,233704.23,235262.73,1558.50,13.28,233717.51
1330,CASH_OUT,302713.48,303474.53,761.05,350.38,303063.86
1331,TRANSFER,412761.94,413281.62,519.68,134.96,412896.90
1332,TRANSFER,179333.49,179619.40,285.91,80.04,179413.53
1333,TRANSFER,787085.49,788445.95,1360.46,19.99,787105.48
1334,TRANSFER,912405.43,914282.46,1877.03,382.56,912787.99
1335,CASH_OUT,145258.97,147298.96,2039.99,413.01,145671.98
1336,CASH_OUT,651984.72,652279.17,294.45,1.29,651986.01
1337,TRANSFER,575447.33,576728.23,1280.90,81.13,575528.46
1338,CASH_OUT,828148.05,828552.90,404.85,193.30,828341.35
1339,TRANSFER,253300.33,255189.95,1889.62,222.35,253522.68
1340,CASH_OUT,813975.98,816108.96,2132.98,35.31,814011.29
1341,TRANSFER,828284.19,828924.74,640.55,172.85,828457.04
1342,CASH_OUT,896277.24,896850.47,573.23,251.17,896528.41
1343,CASH_OUT,699564.42,699656.87,92.45,328.07,699892.49
1344,CASH_OUT,791320.55,792551.79,1231.24,89.63,791410.18
1345,TRANSFER,524841.99,527218.90,2376.91,159.62,525001.61
1346,CASH_OUT,327869.97,329505.84,1635.87,107.60,327977.57
1347,TRANSFER,594570.21,595479.55,909.34,434.20,595004.41
1348,TRANSFER,803830.23,805360.87,1530.64,89.84,803920.07
1349,TRANSFER,568157.45,568556.40,398.95,159.02,568316.47
1350,CASH_OUT,698898.75,700829.64,1930.89,96.20,698994.95
1351,CASH_OUT,432722.61,433026.73,304.12,459.15,433181.76
1352,CASH_OUT,775173.77,777350.99,2177.22,336.15,775509.92
1353,CASH_OUT,523924.69,526128.64,2203.95,490.32,524415.01
1354,TRANSFER,824988.80,826732.14,1743.34,149.95,825138.75
1355,CASH_OUT,657026.33,657981.03,954.70,398.72,657425.05
1356,TRANSFER,879664.15,882054.86,2390.71,230.88,879895.03
1357,CASH_OUT,958118.68,959024.37,905.69,377.87,958496.55
1358,TRANSFER,761399.88,762584.84,1184.96,359.32,761759.20
1359,CASH_OUT,219472.71,220220.16,747.45,219.38,219692.09
1360,CASH_OUT,466897.51,468890.30,1992.79,31.07,466928.58
1361,CASH_OUT,372474.76,372729.39,254.63,489.49,372964.25
1362,TRANSFER,178164.34,179562.41,1398.07,345.09,178509.43
1363,CASH_OUT,232030.63,232758.84,728.21,18.20,232048.83
1364,CASH_OUT,125824.30,126655.20,830.90,165.68,125989.98
1365,TRANSFER,659288.07,661208.20,1920.13,374.34,659662.41
1366,CASH_OUT,745572.27,746654.72,1082.45,173.19,745745.46
1367,CASH_OUT,412015.02,412498.93,483.91,327.59,412342.61
1368,TRANSFER,843256.60,844534.19,1277.59,265.68,843522.28
1369,CASH_OUT,832870.82,834465.95,1595.13,195.30,833066.12
1370,CASH_OUT,960627.32,961679.88,1052.56,386.72,961014.04
1371,CASH_OUT,623911.08,625448.40,1537.32,257.03,624168.11
1372,TRANSFER,619795.46,620445.48,650.02,400.14,620195.60
1373,TRANSFER,922546.41,924764.61,2218.20,52.31,922598.72
1374,CASH_OUT,110440.21,111018.01,577.80,411.10,110851.31
1375,TRANSFER,180264.54,181307.82,1043.28,405.14,180669.68
1376,CASH_OUT,782205.86,782764.94,559.08,52.43,782258.29
1377,TRANSFER,373051.21,373742.44,691.23,315.11,373366.32
1378,CASH_OUT,698675.97,698812.18,136.21,423.02,699098.99
1379,CASH_OUT,314401.40,315540.93,1139.53,357.16,314758.56
1380,TRANSFER,931374.62,932457.79,1083.17,184.16,931558.78
1381,CASH_OUT,516517.06,518158.38,1641.32,490.51,517007.57
1382,CASH_OUT,440847.94,442884.75,2036.81,287.23,441135.17
1383,CASH_OUT,677509.87,679609.60,2099.73,69.96,677579.83
1384,CASH_OUT,832296.65,832735.16,438.51,170.00,832466.65
1385,CASH_OUT,389904.13,391129.40,1225.27,265.75,390169.88
1386,CASH_OUT,546365.10,546596.66,231.56,176.94,546542.04
1387,CASH_OUT,948491.40,950140.92,1649.52,66.07,948557.47
1388,TRANSFER,386913.90,388837.34,1923.44,390.54,387304.44
1389,CASH_OUT,134363.84,135681.47,1317.63,277.99,134641.83
1390,TRANSFER,302265.39,302750.10,484.71,233.50,302498.89
1391,TRANSFER,881989.77,883271.21,1281.44,116.65,882106.42
1392,CASH_OUT,586963.63,587874.94,911.31,361.67,587325.30
1393,CASH_OUT,112128.40,112952.49,824.09,352.67,112481.07
1394,TRANSFER,659478.21,660365.36,887.15,386.07,659864.28
1395,CASH_OUT,145065.05,146952.46,1887.41,197.58,145262.63
1396,CASH_OUT,540296.78,541173.23,876.45,463.31,540760.09
1397,CASH_OUT,273988.93,276247.26,2258.33,198.47,274187.40
1398,TRANSFER,360541.80,360681.33,139.53,439.83,360981.63
1399,CASH_OUT,575784.27,576577.83,793.56,186.72,575970.99
1400,CASH_OUT,153546.37,154130.00,583.63,217.51,153763.88
1401,TRANSFER,529802.42,530164.23,361.81,239.91,530042.33
1402,CASH_OUT,360340.44,362220.90,1880.46,339.72,360680.16
1403,TRANSFER,922002.97,922912.22,909.25,45.39,922048.36
1404,CASH_OUT,226008.56,226347.73,339.17,195.82,226204.38
1405,CASH_OUT,661119.96,661789.26,669.30,480.62,661600.58
1406,TRANSFER,733706.84,735382.99,1676.15,385.49,734092.33
1407,TRANSFER,227643.14,228207.51,564.37,337.51,227980.65
1408,TRANSFER,312190.60,312742.09,551.49,351.85,312542.45
1409,CASH_OUT,942953.84,943085.54,131.70,488.85,943442.69
1410,CASH_OUT,642787.97,643390.73,602.76,490.81,643278.78
1411,TRANSFER,144983.41,146190.54,1207.13,219.18,145202.59
1412,CASH_OUT,940688.98,941041.71,352.73,112.42,940801.40
1413,TRANSFER,241361.67,243381.92,2020.25,438.22,241799.89
1414,CASH_OUT,707965.84,709656.08,1690.24,325.75,708291.59
1415,TRANSFER,254665.72,255469.25,803.53,376.75,255042.47
1416,TRANSFER,175256.90,176839.80,1582.90,407.16,175664.06
1417,TRANSFER,157490.73,159369.97,1879.24,470.17,157960.90
1418,CASH_OUT,170558.23,171737.24,1179.01,324.00,170882.23
1419,TRANSFER,832619.95,833346.23,726.28,215.27,832835.22
1420,CASH_OUT,166780.14,168518.57,1738.43,319.99,167100.13
1421,CASH_OUT,918984.43,919401.89,417.46,316.79,919301.22
1422,TRANSFER,736201.24,737565.75,1364.51,266.90,736468.14
1423,TRANSFER,100827.80,102960.64,2132.84,415.06,101242.86
1424,CASH_OUT,454265.93,456361.53,2095.60,168.05,454433.98
1425,TRANSFER,364618.17,366926.11,2307.94,226.74,364844.91
1426,TRANSFER,692780.13,694106.36,1326.23,424.54,693204.67
1427,CASH_OUT,318333.32,320353.68,2020.36,306.65,318639.97
1428,TRANSFER,831897.98,833591.92,1693.94,430.32,832328.30
1429,TRANSFER,214632.55,214992.61,360.06,225.18,214857.73
1430,TRANSFER,339885.46,340536.73,651.27,317.64,340203.10
1431,TRANSFER,140131.79,142276.21,2144.42,2.30,140134.09
1432,CASH_OUT,285093.53,286287.93,1194.40,49.34,285142.87
1433,TRANSFER,336735.66,338369.34,1633.68,347.60,337083.26
1434,TRANSFER,666859.43,668828.66,1969.23,228.21,667087.64
1435,CASH_OUT,731534.23,733680.87,2146.64,83.76,731617.99
1436,TRANSFER,233396.83,235225.79,1828.96,290.76,233687.59
1437,CASH_OUT,439209.34,441514.32,2304.98,326.66,439536.00
1438,CASH_OUT,806393.30,808737.37,2344.07,390.65,806783.95
1439,TRANSFER,533714.72,534398.17,683.45,109.69,533824.41
1440,CASH_OUT,318398.72,320153.07,1754.35,194.55,318593.27
1441,TRANSFER,199221.02,201322.83,2101.81,364.73,199585.75
1442,CASH_OUT,147589.67,149861.44,2271.77,201.22,147790.89
1443,TRANSFER,323546.97,324078.88,531.91,337.33,323884.30
1444,TRANSFER,846608.43,848036.27,1427.84,273.01,846881.44
1445,TRANSFER,254092.24,256289.45,2197.21,288.41,254380.65
1446,CASH_OUT,818192.76,820327.67,2134.91,183.04,818375.80
1447,TRANSFER,387964.60,388581.07,616.47,366.09,388330.69
1448,TRANSFER,349635.70,352049.53,2413.83,80.40,349716.10
1449,TRANSFER,801229.25,802773.79,1544.54,248.34,801477.59
1450,CASH_OUT,755693.01,757064.87,1371.86,457.17,756150.18
1451,TRANSFER,169504.23,171081.82,1577.59,313.14,169817.37
1452,TRANSFER,235085.05,235612.57,527.52,223.60,235308.65
1453,CASH_OUT,992326.12,994740.37,2414.25,431.05,992757.17
1454,CASH_OUT,441129.16,441400.42,271.26,156.96,441286.12
1455,CASH_OUT,916154.04,917900.89,1746.85,207.88,916361.92
1456,TRANSFER,116040.48,118051.98,2011.50,376.02,116416.50
1457,CASH_OUT,765335.37,765675.62,340.25,9.10,765344.47
1458,TRANSFER,860754.93,863013.70,2258.77,17.82,860772.75
1459,TRANSFER,301553.55,303006.46,1452.91,334.78,301888.33
1460,CASH_OUT,671803.43,673028.36,1224.93,15.41,671818.84
1461,TRANSFER,634323.21,636254.70,1931.49,278.54,634601.75
1462,CASH_OUT,897949.71,899947.29,1997.58,303.96,898253.67
1463,TRANSFER,134065.42,135467.90,1402.48,309.56,134374.98
1464,CASH_OUT,959613.72,959894.02,280.30,347.58,959961.30
1465,TRANSFER,814055.11,814319.96,264.85,355.30,814410.41
1466,CASH_OUT,772902.67,773571.44,668.77,317.10,773219.77
1467,TRANSFER,859067.80,860927.20,1859.40,421.33,859489.13
1468,CASH_OUT,130058.45,130273.10,214.65,383.49,130441.94
1469,CASH_OUT,794861.27,797128.49,2267.22,319.67,795180.94
1470,CASH_OUT,504142.50,505393.11,1250.61,81.35,504223.85
1471,CASH_OUT,188658.90,189079.00,420.10,6.74,188665.64
1472,TRANSFER,590823.38,592181.56,1358.18,162.83,590986.21
1473,CASH_OUT,425174.96,427307.14,2132.18,384.65,425559.61
1474,CASH_OUT,552611.76,553146.03,534.27,332.29,552944.05
1475,TRANSFER,674690.60,675733.15,1042.55,295.71,674986.31
1476,TRANSFER,110840.35,112123.42,1283.07,384.06,111224.41
1477,CASH_OUT,332195.12,333857.70,1662.58,349.33,332544.45
1478,TRANSFER,171864.95,174001.48,2136.53,86.51,171951.46
1479,TRANSFER,929069.10,929367.89,298.79,229.29,929298.39
1480,CASH_OUT,751372.27,752818.25,1445.98,48.49,751420.76
1481,TRANSFER,980752.86,980830.55,77.69,454.77,981207.63
1482,TRANSFER,386962.74,388516.58,1553.84,26.57,386989.31
1483,TRANSFER,690635.53,692453.87,1818.34,357.72,690993.25
1484,TRANSFER,300000.85,302359.73,2358.88,464.63,300465.48
1485,TRANSFER,896265.98,896385.04,119.06,358.53,896624.51
1486,TRANSFER,405536.00,406348.11,812.11,104.84,405640.84
1487,TRANSFER,444691.34,446201.42,1510.08,488.03,445179.37
1488,CASH_OUT,162871.21,162931.22,60.01,407.55,163278.76
1489,TRANSFER,924470.63,926488.45,2017.82,227.00,924697.63
1490,TRANSFER,578053.19,580023.55,1970.36,311.35,578364.54
1491,TRANSFER,205985.11,207139.92,1154.81,132.09,206117.20
1492,CASH_OUT,427424.00,427792.05,368.05,87.07,427511.07
1493,TRANSFER,674261.38,675539.48,1278.10,467.16,674728.54
1494,TRANSFER,133614.30,136029.00,2414.70,454.52,134068.82
1495,CASH_OUT,487307.98,489464.85,2156.87,462.87,487770.85
1496,CASH_OUT,770960.20,771406.01,445.81,376.12,771336.32
1497,CASH_OUT,885025.42,885357.01,331.59,277.84,885303.26
1498,CASH_OUT,811522.38,813312.22,1789.84,52.47,811574.85
1499,CASH_OUT,788283.70,789092.90,809.20,347.91,788631.61
1500,TRANSFER,674920.76,677013.33,2092.57,213.50,675134.26
1501,CASH_OUT,550284.34,551930.34,1646.00,378.91,550663.25
1502,CASH_OUT,530443.04,530448.42,5.38,488.21,530931.25
1503,CASH_OUT,291877.06,293380.27,1503.21,149.38,292026.44
1504,CASH_OUT,447858.54,448689.20,830.66,133.76,447992.30
1505,CASH_OUT,478820.59,481188.87,2368.28,137.09,478957.68
1506,CASH_OUT,981197.60,983261.92,2064.32,267.64,981465.24
1507,CASH_OUT,228660.89,229117.04,456.15,97.05,228757.94
1508,CASH_OUT,218605.39,219669.95,1064.56,414.52,219019.91
1509,TRANSFER,891239.02,891344.29,105.27,56.29,891295.31
1510,CASH_OUT,479211.69,480729.03,1517.34,250.90,479462.59
1511,CASH_OUT,854796.59,856170.95,1374.36,14.54,854811.13
1512,TRANSFER,195348.44,197348.53,2000.09,163.48,195511.92
1513,CASH_OUT,587200.62,588333.42,1132.80,278.51,587479.13
1514,TRANSFER,787719.66,788221.32,501.66,105.41,787825.07
1515,CASH_OUT,337733.15,338281.28,548.13,222.41,337955.56
1516,CASH_OUT,800562.79,800795.38,232.59,273.04,800835.83
1517,TRANSFER,765088.66,765404.46,315.80,175.64,765264.30
1518,CASH_OUT,151413.03,152071.43,658.40,279.13,151692.16
1519,CASH_OUT,870216.34,870854.66,638.32,13.67,870230.01
1520,TRANSFER,378443.53,380777.02,2333.49,416.65,378860.18
1521,CASH_OUT,198417.96,200698.30,2280.34,68.00,198485.96
1522,CASH_OUT,192459.34,194517.25,2057.91,441.89,192901.23
1523,CASH_OUT,576827.30,579106.15,2278.85,347.80,577175.10
1524,CASH_OUT,125512.70,125666.99,154.29,81.62,125594.32
1525,TRANSFER,308521.37,308754.45,233.08,231.23,308752.60
1526,TRANSFER,974289.14,975374.39,1085.25,454.31,974743.45
1527,CASH_OUT,294172.30,295121.03,948.73,197.27,294369.57
1528,TRANSFER,716106.06,718308.10,2202.04,321.32,716427.38
1529,CASH_OUT,309074.87,311474.64,2399.77,293.50,309368.37
1530,CASH_OUT,205173.42,207419.50,2246.08,134.42,205307.84
1531,TRANSFER,506646.05,507161.49,515.44,156.14,506802.19
1532,TRANSFER,749936.49,751974.62,2038.13,184.03,750120.52
1533,TRANSFER,842392.55,843216.28,823.73,258.51,842651.06
1534,CASH_OUT,389430.88,390983.03,1552.15,57.43,389488.31
1535,TRANSFER,471259.93,473252.04,1992.11,267.77,471527.70
1536,CASH_OUT,651871.98,654174.53,2302.55,105.32,651977.30
1537,TRANSFER,474008.74,474231.83,223.09,297.30,474306.04
1538,TRANSFER,500195.98,500300.83,104.85,397.50,500593.48
1539,TRANSFER,466312.89,467831.45,1518.56,7.57,466320.46
1540,TRANSFER,681776.33,683618.26,1841.93,28.95,681805.28
1541,CASH_OUT,977989.80,979273.34,1283.54,402.49,978392.29
1542,CASH_OUT,221225.75,222399.80,1174.05,404.74,221630.49
1543,CASH_OUT,805886.96,807326.25,1439.29,386.06,806273.02
1544,TRANSFER,972437.50,974287.60,1850.10,135.52,972573.02
1545,CASH_OUT,591120.23,591230.03,109.80,286.48,591406.71
1546,CASH_OUT,542577.96,544601.44,2023.48,48.60,542626.56
1547,TRANSFER,629040.87,629204.12,163.25,413.72,629454.59
1548,CASH_OUT,294641.00,296093.99,1452.99,288.61,294929.61
1549,TRANSFER,225241.03,226608.80,1367.77,443.26,225684.29
1550,TRANSFER,702068.38,703520.02,1451.64,103.41,702171.79
1551,TRANSFER,661767.51,664159.02,2391.51,145.61,661913.12
1552,TRANSFER,943830.96,945438.27,1607.31,399.17,944230.13
1553,TRANSFER,917997.35,918443.35,446.00,472.76,918470.11
1554,TRANSFER,408078.53,410086.67,2008.14,208.63,408287.16
1555,CASH_OUT,818921.66,819102.80,181.14,426.32,819347.98
1556,CASH_OUT,546988.38,548293.75,1305.37,40.32,547028.70
1557,TRANSFER,204314.07,206728.44,2414.37,53.54,204367.61
1558,CASH_OUT,580334.40,580403.38,68.98,467.95,580802.35
1559,TRANSFER,250638.82,251539.17,900.35,372.40,251011.22
1560,CASH_OUT,125849.83,128290.98,2441.15,456.46,126306.29
1561,CASH_OUT,906294.28,906988.48,694.20,491.67,906785.95
1562,CASH_OUT,275457.71,277488.98,2031.27,132.02,275589.73
1563,TRANSFER,449496.17,451531.11,2034.94,288.26,449784.43
1564,CASH_OUT,762332.37,762461.79,129.42,267.17,762599.54
1565,CASH_OUT,745280.13,747743.96,2463.83,462.70,745742.83
1566,CASH_OUT,887233.45,887874.61,641.16,323.66,887557.11
1567,CASH_OUT,915202.80,917421.24,2218.44,332.58,915535.38
1568,CASH_OUT,552601.53,554537.39,1935.86,288.41,552889.94
1569,TRANSFER,265594.96,266349.09,754.13,308.78,265903.74
1570,CASH_OUT,312756.58,314295.41,1538.83,240.18,312996.76
1571,TRANSFER,831124.87,832157.45,1032.58,401.74,831526.61
1572,TRANSFER,643263.73,644736.99,1473.26,151.76,643415.49
1573,CASH_OUT,144310.68,146106.74,1796.06,9.88,144320.56
1574,TRANSFER,262373.23,263660.84,1287.61,350.85,262724.08
1575,TRANSFER,152375.98,154298.41,1922.43,176.81,152552.79
1576,TRANSFER,406450.49,407735.20,1284.71,192.09,406642.58
1577,TRANSFER,203719.56,205061.58,1342.02,149.60,203869.16
1578,CASH_OUT,909702.64,911333.04,1630.40,482.08,910184.72
1579,TRANSFER,714402.92,715515.12,1112.20,204.11,714607.03
1580,CASH_OUT,528424.44,528525.48,101.04,400.73,528825.17
1581,CASH_OUT,231270.78,232920.13,1649.35,19.79,231290.57
1582,CASH_OUT,227074.79,227509.17,434.38,42.30,227117.09
1583,TRANSFER,453954.15,455784.04,1829.89,178.98,454133.13
1584,CASH_OUT,128965.68,130277.80,1312.12,463.84,129429.52
1585,CASH_OUT,603188.00,603985.02,797.02,339.53,603527.53
1586,CASH_OUT,661077.52,661267.99,190.47,425.56,661503.08
1587,TRANSFER,720142.38,722407.89,2265.51,138.02,720280.40
1588,TRANSFER,585368.73,587373.60,2004.87,315.26,585683.99
1589,CASH_OUT,296698.32,298071.57,1373.25,375.78,297074.10
1590,CASH_OUT,282269.28,282819.77,550.49,29.53,282298.81
1591,CASH_OUT,843093.78,843778.09,684.31,262.23,843356.01
1592,CASH_OUT,773931.58,774242.69,311.11,481.35,774412.93
1593,CASH_OUT,583576.74,585688.94,2112.20,128.24,583704.98
1594,TRANSFER,425559.01,427605.10,2046.09,40.88,425599.89
1595,CASH_OUT,320488.14,320755.57,267.43,276.40,320764.54
1596,CASH_OUT,764189.19,764725.70,536.51,437.93,764627.12
1597,CASH_OUT,117277.01,117888.23,611.22,64.39,117341.40
1598,CASH_OUT,519399.85,520865.38,1465.53,438.83,519838.68
1599,CASH_OUT,680255.81,681474.94,1219.13,499.80,680755.61
1600,TRANSFER,860023.43,860044.51,21.08,474.54,860497.97
1601,CASH_OUT,807397.98,809338.36,1940.38,432.19,807830.17
1602,CASH_OUT,857484.02,857675.68,191.66,16.27,857500.29
1603,TRANSFER,863082.19,863234.33,152.14,263.50,863345.69
1604,CASH_OUT,205234.42,206949.99,1715.57,43.47,205277.89
1605,TRANSFER,699622.21,699877.10,254.89,351.86,699974.07
1606,CASH_OUT,876288.11,877263.37,975.26,262.72,876550.83
1607,CASH_OUT,350641.43,352136.00,1494.57,170.59,350812.02
1608,TRANSFER,296692.29,298947.55,2255.26,52.41,296744.70
1609,CASH_OUT,332969.77,334582.72,1612.95,6.86,332976.63
1610,TRANSFER,631685.66,632533.13,847.47,396.80,632082.46
1611,CASH_OUT,515656.17,517105.33,1449.16,268.42,515924.59
1612,TRANSFER,649921.18,652159.12,2237.94,62.10,649983.28
1613,CASH_OUT,403373.69,403409.90,36.21,301.68,403675.37
1614,CASH_OUT,501763.18,502896.27,1133.09,223.22,501986.40
1615,CASH_OUT,308479.00,310531.37,2052.37,192.61,308671.61
1616,CASH_OUT,471237.80,472675.87,1438.07,329.26,471567.06
1617,TRANSFER,264897.96,265747.77,849.81,479.03,265376.99
1618,CASH_OUT,351160.16,353140.06,1979.90,93.39,351253.55
1619,TRANSFER,184299.80,184942.65,642.85,402.68,184702.48
1620,TRANSFER,989345.08,989771.62,426.54,464.49,989809.57
1621,TRANSFER,194538.40,196288.31,1749.91,208.24,194746.64
1622,TRANSFER,927023.92,927123.02,99.10,349.27,927373.19
1623,TRANSFER,205009.19,205841.64,832.45,292.43,205301.62
1624,CASH_OUT,254290.19,255033.98,743.79,268.41,254558.60
1625,CASH_OUT,573476.73,575794.27,2317.54,450.48,573927.21
1626,CASH_OUT,272271.92,273285.43,1013.51,309.41,272581.33
1627,CASH_OUT,636901.20,639255.16,2353.96,430.15,637331.35
1628,TRANSFER,326546.89,327811.47,1264.58,360.32,326907.21
1629,CASH_OUT,413878.74,414727.45,848.71,23.00,413901.74
1630,CASH_OUT,825841.69,826333.82,492.13,256.73,826098.42
1631,TRANSFER,986079.09,987895.69,1816.60,71.74,986150.83
1632,TRANSFER,312724.71,312938.20,213.49,45.77,312770.48
1633,CASH_OUT,272404.15,272734.29,330.14,365.82,272769.97
1634,CASH_OUT,628786.31,630427.90,1641.59,64.81,628851.12
1635,CASH_OUT,503599.47,505431.37,1831.90,387.79,503987.26
1636,CASH_OUT,460712.81,463161.37,2448.56,359.58,461072.39
1637,CASH_OUT,939363.70,940067.16,703.46,146.45,939510.15
1638,CASH_OUT,207160.80,209478.84,2318.04,110.75,207271.55
1639,CASH_OUT,324722.80,325482.36,759.56,213.47,324936.27
1640,TRANSFER,139936.13,141294.48,1358.35,126.76,140062.89
1641,CASH_OUT,854438.34,855054.88,616.54,292.55,854730.89
1642,CASH_OUT,162739.62,164084.60,1344.98,350.11,163089.73
1643,TRANSFER,353046.47,355438.98,2392.51,300.63,353347.10
1644,TRANSFER,541032.85,542442.57,1409.72,229.70,541262.55
1645,CASH_OUT,150060.42,150286.28,225.86,6.46,150066.88
1646,CASH_OUT,494968.48,497352.54,2384.06,493.61,495462.09
1647,CASH_OUT,127471.39,129481.07,2009.68,339.45,127810.84
1648,TRANSFER,854168.40,856407.58,2239.18,87.22,854255.62
1649,TRANSFER,736609.14,736977.70,368.56,266.86,736876.00
1650,CASH_OUT,173416.17,175039.78,1623.61,326.44,173742.61
1651,TRANSFER,416311.48,417701.68,1390.20,92.30,416403.78
1652,CASH_OUT,325338.00,325823.71,485.71,382.86,325720.86
1653,TRANSFER,993102.02,994476.81,1374.79,142.69,993244.71
1654,CASH_OUT,551526.21,551734.58,208.37,154.58,551680.79
1655,TRANSFER,164305.02,165721.57,1416.55,440.75,164745.77
1656,CASH_OUT,961742.71,961924.64,181.93,80.79,961823.50
1657,CASH_OUT,260771.22,261913.32,1142.10,89.44,260860.66
1658,TRANSFER,416331.79,418632.83,2301.04,336.33,416668.12
1659,TRANSFER,986169.11,986466.18,297.07,402.58,986571.69
1660,TRANSFER,298132.64,298750.90,618.26,159.12,298291.76
1661,CASH_OUT,395791.15,396995.83,1204.68,54.63,395845.78
1662,TRANSFER,972266.51,973107.55,841.04,229.94,972496.45
1663,CASH_OUT,881671.74,881884.76,213.02,126.21,881797.95
1664,CASH_OUT,868759.63,869986.69,1227.06,292.28,869051.91
1665,TRANSFER,724463.77,726289.54,1825.77,100.72,724564.49
1666,TRANSFER,524072.53,526394.19,2321.66,124.35,524196.88
1667,TRANSFER,220717.20,222448.43,1731.23,289.45,221006.65
1668,TRANSFER,213964.04,214034.69,70.65,384.10,214348.14
1669,CASH_OUT,370690.44,372980.03,2289.59,389.59,371080.03
1670,CASH_OUT,650435.61,652328.35,1892.74,300.49,650736.10
1671,CASH_OUT,287130.01,288909.02,1779.01,478.58,287608.59
1672,TRANSFER,376404.00,376968.18,564.18,452.14,376856.14
1673,CASH_OUT,959243.61,960481.30,1237.69,149.44,959393.05
1674,TRANSFER,134283.90,134831.15,547.25,332.07,134615.97
1675,TRANSFER,800491.85,802507.36,2015.51,294.24,800786.09
1676,TRANSFER,974765.48,975621.10,855.62,427.54,975193.02
1677,TRANSFER,272137.82,272765.25,627.43,385.65,272523.47
1678,TRANSFER,159470.67,159697.35,226.68,356.85,159827.52
1679,CASH_OUT,144693.21,146000.81,1307.60,147.29,144840.50
1680,CASH_OUT,223286.54,223494.70,208.16,52.85,223339.39
1681,CASH_OUT,530785.78,532358.73,1572.95,73.46,530859.24
1682,CASH_OUT,191516.98,192113.86,596.88,400.80,191917.78
1683,TRANSFER,891643.72,892884.51,1240.79,66.71,891710.43
1684,CASH_OUT,581923.06,583059.69,1136.63,236.47,582159.53
1685,CASH_OUT,222711.21,224688.51,1977.30,144.54,222855.75
1686,TRANSFER,656799.33,656892.22,92.89,479.90,657279.23
1687,TRANSFER,871659.12,873967.23,2308.11,403.19,872062.31
1688,CASH_OUT,688158.98,689496.15,1337.17,419.99,688578.97
1689,TRANSFER,390243.81,390269.20,25.39,307.66,390551.47
1690,CASH_OUT,112180.55,113035.04,854.49,305.12,112485.67
1691,CASH_OUT,229091.12,231231.00,2139.88,313.92,229405.04
1692,TRANSFER,414648.57,417110.18,2461.61,109.11,414757.68
1693,CASH_OUT,230731.12,233121.36,2390.24,85.34,230816.46
1694,TRANSFER,366922.78,367762.36,839.58,302.79,367225.57
1695,TRANSFER,231593.70,232585.97,992.27,262.81,231856.51
1696,CASH_OUT,695809.82,695980.99,171.17,486.41,696296.23
1697,TRANSFER,661635.68,661793.90,158.22,442.28,662077.96
1698,TRANSFER,376406.55,378032.00,1625.45,58.41,376464.96
1699,TRANSFER,297660.97,299485.65,1824.68,8.29,297669.26
1700,TRANSFER,215258.56,217426.16,2167.60,212.94,215471.50
1701,TRANSFER,670738.25,671212.73,474.48,8.40,670746.65
1702,TRANSFER,595171.41,597214.39,2042.98,195.29,595366.70
1703,TRANSFER,809140.56,809744.95,604.39,410.32,809550.88
1704,TRANSFER,726156.69,728210.10,2053.41,331.56,726488.25
1705,TRANSFER,154282.21,155529.73,1247.52,260.66,154542.87
1706,CASH_OUT,464302.68,465707.48,1404.80,83.25,464385.93
1707,CASH_OUT,443150.75,444755.66,1604.91,95.98,443246.73
1708,CASH_OUT,197404.06,197481.52,77.46,102.69,197506.75
1709,TRANSFER,890452.39,891820.79,1368.40,352.71,890805.10
1710,CASH_OUT,528867.75,529754.92,887.17,160.54,529028.29
1711,TRANSFER,826087.95,826973.17,885.22,352.74,826440.69
1712,CASH_OUT,751785.11,752660.48,875.37,272.95,752058.06
1713,TRANSFER,713092.83,713550.03,457.20,183.23,713276.06
1714,CASH_OUT,822050.89,822344.72,293.83,289.87,822340.76
1715,CASH_OUT,653168.34,653663.50,495.16,182.15,653350.49
1716,TRANSFER,631480.01,631524.95,44.94,16.27,631496.28
1717,CASH_OUT,398805.53,400831.44,2025.91,191.56,398997.09
1718,TRANSFER,157183.22,158545.78,1362.56,19.21,157202.43
1719,CASH_OUT,651092.47,651125.05,32.58,381.78,651474.25
1720,TRANSFER,749043.29,750283.23,1239.94,85.73,749129.02
1721,TRANSFER,533389.70,534675.58,1285.88,64.87,533454.57
1722,CASH_OUT,807993.42,809089.79,1096.37,195.07,808188.49
1723,TRANSFER,553165.55,555176.47,2010.92,134.45,553300.00
1724,CASH_OUT,753988.44,755596.13,1607.69,414.36,754402.80
1725,TRANSFER,564987.71,565958.67,970.96,70.26,565057.97
1726,CASH_OUT,433436.89,433983.06,546.17,368.78,433805.67
1727,CASH_OUT,610165.99,610964.65,798.66,363.31,610529.30
1728,CASH_OUT,514979.99,515520.50,540.51,229.11,515209.10
1729,CASH_OUT,934062.40,934668.12,605.72,40.55,934102.95
1730,TRANSFER,758050.20,759785.13,1734.93,157.56,758207.76
1731,TRANSFER,674885.64,675842.33,956.69,318.38,675204.02
1732,CASH_OUT,110583.69,112291.75,1708.06,107.83,110691.52
1733,CASH_OUT,784345.92,785080.24,734.32,98.64,784444.56
1734,CASH_OUT,272090.72,272158.54,67.82,131.49,272222.21
1735,TRANSFER,369147.51,369610.91,463.40,412.19,369559.70
1736,TRANSFER,911830.98,913182.96,1351.98,187.23,912018.21
1737,TRANSFER,696820.29,699245.52,2425.23,452.94,697273.23
1738,CASH_OUT,987485.48,987922.70,437.22,250.24,987735.72
1739,CASH_OUT,361251.13,362319.19,1068.06,151.13,361402.26
1740,TRANSFER,220272.76,220964.47,691.71,318.50,220591.26
1741,CASH_OUT,121735.60,123333.88,1598.28,296.07,122031.67
1742,TRANSFER,320186.63,322109.49,1922.86,442.32,320628.95
1743,CASH_OUT,864088.54,864583.85,495.31,119.97,864208.51
1744,TRANSFER,166782.97,167223.28,440.31,47.73,166830.70
1745,TRANSFER,163359.30,163814.59,455.29,444.32,163803.62
1746,TRANSFER,636987.11,638995.28,2008.17,155.02,637142.13
1747,TRANSFER,374314.24,375557.78,1243.54,471.56,374785.80
1748,TRANSFER,326299.02,327928.95,1629.93,140.11,326439.13
1749,TRANSFER,592034.68,592561.31,526.63,445.02,592479.70
1750,TRANSFER,664553.17,665413.21,860.04,3.45,664556.62
1751,CASH_OUT,752670.21,754132.30,1462.09,0.20,752670.41
1752,TRANSFER,912775.81,914418.47,1642.66,354.37,913130.18
1753,CASH_OUT,981945.09,983327.49,1382.40,330.61,982275.70
1754,TRANSFER,429368.22,429644.68,276.46,235.72,429603.94
1755,CASH_OUT,712815.13,714647.80,1832.67,449.92,713265.05
1756,TRANSFER,749661.87,752082.58,2420.71,121.78,749783.65
1757,TRANSFER,295278.98,295493.48,214.50,193.60,295472.58
1758,TRANSFER,981950.10,983563.85,1613.75,474.54,982424.64
1759,TRANSFER,380997.05,381879.71,882.66,481.05,381478.10
1760,CASH_OUT,917386.52,919734.18,2347.66,477.21,917863.73
1761,TRANSFER,226300.99,228405.51,2104.52,338.80,226639.79
1762,TRANSFER,939197.91,941534.18,2336.27,151.82,939349.73
1763,TRANSFER,509582.06,511644.77,2062.71,150.13,509732.19
1764,TRANSFER,633245.14,634639.85,1394.71,155.78,633400.92
1765,CASH_OUT,898097.82,898243.16,145.34,361.05,898458.87
1766,TRANSFER,832992.48,833802.67,810.19,26.95,833019.43
1767,TRANSFER,438476.45,440153.88,1677.43,351.69,438828.14
1768,CASH_OUT,921127.78,921170.80,43.02,52.00,921179.78
1769,CASH_OUT,320990.21,321952.36,962.15,163.02,321153.23
1770,CASH_OUT,173822.31,175860.38,2038.07,3.94,173826.25
1771,TRANSFER,790580.13,791705.23,1125.10,211.06,790791.19
1772,TRANSFER,532494.85,534230.01,1735.16,317.11,532811.96
1773,CASH_OUT,951977.67,953976.78,1999.11,282.39,952260.06
1774,TRANSFER,848933.12,849453.43,520.31,432.69,849365.81
1775,TRANSFER,359630.68,360843.39,1212.71,327.23,359957.91
1776,TRANSFER,632600.64,633358.00,757.36,130.23,632730.87
1777,TRANSFER,782155.62,782183.21,27.59,191.15,782346.77
1778,CASH_OUT,149325.17,150342.68,1017.51,130.48,149455.65
1779,TRANSFER,298471.51,299218.13,746.62,266.16,298737.67
1780,CASH_OUT,422150.74,422843.77,693.03,461.30,422612.04
1781,CASH_OUT,146415.15,146420.68,5.53,387.92,146803.07
1782,TRANSFER,916228.75,916869.95,641.20,384.35,916613.10
1783,CASH_OUT,967261.17,969201.03,1939.86,479.38,967740.55
1784,TRANSFER,399874.03,400971.85,1097.82,274.01,400148.04
1785,CASH_OUT,413499.59,413691.85,192.26,495.62,413995.21
1786,TRANSFER,360250.73,361876.18,1625.45,176.40,360427.13
1787,CASH_OUT,794730.13,794789.61,59.48,76.93,794807.06
1788,TRANSFER,108053.17,109256.60,1203.43,187.47,108240.64
1789,CASH_OUT,917467.70,918826.10,1358.40,321.80,917789.50
1790,TRANSFER,507665.93,509298.82,1632.89,43.61,507709.54
1791,TRANSFER,455736.30,457335.76,1599.46,250.14,455986.44
1792,CASH_OUT,720553.95,722468.64,1914.69,487.45,721041.40
1793,CASH_OUT,644643.03,645863.99,1220.96,322.69,644965.72
1794,CASH_OUT,205543.60,206419.08,875.48,414.65,205958.25
1795,CASH_OUT,599479.10,600205.23,726.13,114.58,599593.68
1796,CASH_OUT,242581.18,243341.02,759.84,297.17,242878.35
1797,TRANSFER,518662.39,518670.90,8.51,265.57,518927.96
1798,TRANSFER,990123.16,990258.12,134.96,160.22,990283.38
1799,CASH_OUT,241765.86,244028.99,2263.13,394.55,242160.41
